,tid_x,tid_y,name_x,name_y,lon_x,lat_x,lon_y,lat_y,flow
0,0,1,千代田区,中央区,139.7548734931052,35.68762405605021,139.7766846724147,35.67074967024018,13407.377781495226
1,0,2,千代田区,港区,139.7548734931052,35.68762405605021,139.73928951922807,35.65152140313346,6018.902710550607
2,0,3,千代田区,新宿区,139.7548734931052,35.68762405605021,139.7090472739132,35.7010029023122,6425.5984024219615
3,0,4,千代田区,文京区,139.7548734931052,35.68762405605021,139.74722577302532,35.717492538738576,9377.853036247305
4,0,5,千代田区,台東区,139.7548734931052,35.68762405605021,139.78591640698508,35.7154782161265,5576.730416509155
5,0,6,千代田区,墨田区,139.7548734931052,35.68762405605021,139.8155478292236,35.712265408397435,2734.3747164427855
6,0,7,千代田区,江東区,139.7548734931052,35.68762405605021,139.81490418527451,35.65102848976377,2983.459954821266
7,0,8,千代田区,品川区,139.7548734931052,35.68762405605021,139.73298794400105,35.6097677223142,1434.3855478295907
8,0,9,千代田区,目黒区,139.7548734931052,35.68762405605021,139.68820569775528,35.62996716276387,1224.7610247507846
9,0,10,千代田区,大田区,139.7548734931052,35.68762405605021,139.73409187061017,35.56802967563435,755.0424638319361
10,0,11,千代田区,世田谷区,139.7548734931052,35.68762405605021,139.635113474336,35.639724186862246,1074.0510098959157
11,0,12,千代田区,渋谷区,139.7548734931052,35.68762405605021,139.69634143550357,35.667837423511905,2916.1172925798464
12,0,13,千代田区,中野区,139.7548734931052,35.68762405605021,139.66249541642443,35.71091906821566,1354.1727109499789
13,0,14,千代田区,杉並区,139.7548734931052,35.68762405605021,139.62533626144537,35.69680698405763,905.4912567905035
14,0,15,千代田区,豊島区,139.7548734931052,35.68762405605021,139.71148999157788,35.73148962176281,2661.5594419232634
15,0,16,千代田区,北区,139.7548734931052,35.68762405605021,139.7288718008505,35.76592942924935,1293.9886518836831
16,0,17,千代田区,荒川区,139.7548734931052,35.68762405605021,139.78127085248096,35.739910141368014,2296.100429612022
17,0,18,千代田区,板橋区,139.7548734931052,35.68762405605021,139.67640334655457,35.77257000055456,892.0707310039714
18,0,19,千代田区,練馬区,139.7548734931052,35.68762405605021,139.61763054398918,35.74783601256853,681.5142022193747
19,0,20,千代田区,足立区,139.7548734931052,35.68762405605021,139.79510703677857,35.77882757435126,1203.7160410532074
20,0,21,千代田区,葛飾区,139.7548734931052,35.68762405605021,139.8557127852655,35.753283675481214,827.9819417331513
21,0,22,千代田区,江戸川区,139.7548734931052,35.68762405605021,139.87568262960147,35.692420854431354,1170.7502354544647
22,1,0,中央区,千代田区,139.7766846724147,35.67074967024018,139.7548734931052,35.68762405605021,27767.745177216464
23,1,2,中央区,港区,139.7766846724147,35.67074967024018,139.73928951922807,35.65152140313346,22559.498226774987
24,1,3,中央区,新宿区,139.7766846724147,35.67074967024018,139.7090472739132,35.7010029023122,7434.22694370942
25,1,4,中央区,文京区,139.7766846724147,35.67074967024018,139.74722577302532,35.717492538738576,9025.044823657812
26,1,5,中央区,台東区,139.7766846724147,35.67074967024018,139.78591640698508,35.7154782161265,11908.824492076812
27,1,6,中央区,墨田区,139.7766846724147,35.67074967024018,139.8155478292236,35.712265408397435,10083.473815554102
28,1,7,中央区,江東区,139.7766846724147,35.67074967024018,139.81490418527451,35.65102848976377,30273.7996446125
29,1,8,中央区,品川区,139.7766846724147,35.67074967024018,139.73298794400105,35.6097677223142,6175.092216144769
30,1,9,中央区,目黒区,139.7766846724147,35.67074967024018,139.68820569775528,35.62996716276387,3618.23002817311
31,1,10,中央区,大田区,139.7766846724147,35.67074967024018,139.73409187061017,35.56802967563435,3138.916543840925
32,1,11,中央区,世田谷区,139.7766846724147,35.67074967024018,139.635113474336,35.639724186862246,2834.8317650578188
33,1,12,中央区,渋谷区,139.7766846724147,35.67074967024018,139.69634143550357,35.667837423511905,5569.811374514173
34,1,13,中央区,中野区,139.7766846724147,35.67074967024018,139.66249541642443,35.71091906821566,2506.1422821369156
35,1,14,中央区,杉並区,139.7766846724147,35.67074967024018,139.62533626144537,35.69680698405763,1997.2912146467265
36,1,15,中央区,豊島区,139.7766846724147,35.67074967024018,139.71148999157788,35.73148962176281,3871.351483715589
37,1,16,中央区,北区,139.7766846724147,35.67074967024018,139.7288718008505,35.76592942924935,2476.857095026736
38,1,17,中央区,荒川区,139.7766846724147,35.67074967024018,139.78127085248096,35.739910141368014,4738.917988196749
39,1,18,中央区,板橋区,139.7766846724147,35.67074967024018,139.67640334655457,35.77257000055456,1833.8494097230052
40,1,19,中央区,練馬区,139.7766846724147,35.67074967024018,139.61763054398918,35.74783601256853,1510.1359108815573
41,1,20,中央区,足立区,139.7766846724147,35.67074967024018,139.79510703677857,35.77882757435126,3004.248117157976
42,1,21,中央区,葛飾区,139.7766846724147,35.67074967024018,139.8557127852655,35.753283675481214,2722.863924800653
43,1,22,中央区,江戸川区,139.7766846724147,35.67074967024018,139.87568262960147,35.692420854431354,5531.847522381185
44,2,0,港区,千代田区,139.73928951922807,35.65152140313346,139.7548734931052,35.68762405605021,17900.367551150117
45,2,1,港区,中央区,139.73928951922807,35.65152140313346,139.7766846724147,35.67074967024018,32394.948386773172
46,2,3,港区,新宿区,139.73928951922807,35.65152140313346,139.7090472739132,35.7010029023122,17400.559516040572
47,2,4,港区,文京区,139.73928951922807,35.65152140313346,139.74722577302532,35.717492538738576,9411.412082425806
48,2,5,港区,台東区,139.73928951922807,35.65152140313346,139.78591640698508,35.7154782161265,6907.420848709668
49,2,6,港区,墨田区,139.73928951922807,35.65152140313346,139.8155478292236,35.712265408397435,5655.987459705711
50,2,7,港区,江東区,139.73928951922807,35.65152140313346,139.81490418527451,35.65102848976377,16825.925882734853
51,2,8,港区,品川区,139.73928951922807,35.65152140313346,139.73298794400105,35.6097677223142,34753.8453041049
52,2,9,港区,目黒区,139.73928951922807,35.65152140313346,139.68820569775528,35.62996716276387,22887.285511471448
53,2,10,港区,大田区,139.73928951922807,35.65152140313346,139.73409187061017,35.56802967563435,9904.324043413611
54,2,11,港区,世田谷区,139.73928951922807,35.65152140313346,139.635113474336,35.639724186862246,10522.806746069813
55,2,12,港区,渋谷区,139.73928951922807,35.65152140313346,139.69634143550357,35.667837423511905,32131.80495136735
56,2,13,港区,中野区,139.73928951922807,35.65152140313346,139.66249541642443,35.71091906821566,6317.750269079254
57,2,14,港区,杉並区,139.73928951922807,35.65152140313346,139.62533626144537,35.69680698405763,5489.750066619823
58,2,15,港区,豊島区,139.73928951922807,35.65152140313346,139.71148999157788,35.73148962176281,6358.481536645318
59,2,16,港区,北区,139.73928951922807,35.65152140313346,139.7288718008505,35.76592942924935,3406.439938200492
60,2,17,港区,荒川区,139.73928951922807,35.65152140313346,139.78127085248096,35.739910141368014,4126.385522501129
61,2,18,港区,板橋区,139.73928951922807,35.65152140313346,139.67640334655457,35.77257000055456,3172.3023509715536
62,2,19,港区,練馬区,139.73928951922807,35.65152140313346,139.61763054398918,35.74783601256853,3226.4736598620475
63,2,20,港区,足立区,139.73928951922807,35.65152140313346,139.79510703677857,35.77882757435126,3269.8541293508974
64,2,21,港区,葛飾区,139.73928951922807,35.65152140313346,139.8557127852655,35.753283675481214,2530.8609689092655
65,2,22,港区,江戸川区,139.73928951922807,35.65152140313346,139.87568262960147,35.692420854431354,4441.0132738931825
66,3,0,新宿区,千代田区,139.7090472739132,35.7010029023122,139.7548734931052,35.68762405605021,17255.25065584737
67,3,1,新宿区,中央区,139.7090472739132,35.7010029023122,139.7766846724147,35.67074967024018,9639.327585992105
68,3,2,新宿区,港区,139.7090472739132,35.7010029023122,139.73928951922807,35.65152140313346,15711.812284788615
69,3,4,新宿区,文京区,139.7090472739132,35.7010029023122,139.74722577302532,35.717492538738576,40749.7957515859
70,3,5,新宿区,台東区,139.7090472739132,35.7010029023122,139.78591640698508,35.7154782161265,10014.513203750577
71,3,6,新宿区,墨田区,139.7090472739132,35.7010029023122,139.8155478292236,35.712265408397435,5805.725471566327
72,3,7,新宿区,江東区,139.7090472739132,35.7010029023122,139.81490418527451,35.65102848976377,5922.07121712827
73,3,8,新宿区,品川区,139.7090472739132,35.7010029023122,139.73298794400105,35.6097677223142,6029.548260122116
74,3,9,新宿区,目黒区,139.7090472739132,35.7010029023122,139.68820569775528,35.62996716276387,8737.415830005455
75,3,10,新宿区,大田区,139.7090472739132,35.7010029023122,139.73409187061017,35.56802967563435,3532.362729409108
76,3,11,新宿区,世田谷区,139.7090472739132,35.7010029023122,139.635113474336,35.639724186862246,10834.523231313924
77,3,12,新宿区,渋谷区,139.7090472739132,35.7010029023122,139.69634143550357,35.667837423511905,42107.66748111801
78,3,13,新宿区,中野区,139.7090472739132,35.7010029023122,139.66249541642443,35.71091906821566,38742.653118197726
79,3,14,新宿区,杉並区,139.7090472739132,35.7010029023122,139.62533626144537,35.69680698405763,14457.474715814069
80,3,15,新宿区,豊島区,139.7090472739132,35.7010029023122,139.71148999157788,35.73148962176281,62543.25958619315
81,3,16,新宿区,北区,139.7090472739132,35.7010029023122,139.7288718008505,35.76592942924935,11888.661304495552
82,3,17,新宿区,荒川区,139.7090472739132,35.7010029023122,139.78127085248096,35.739910141368014,8358.859630526402
83,3,18,新宿区,板橋区,139.7090472739132,35.7010029023122,139.67640334655457,35.77257000055456,11165.80071180863
84,3,19,新宿区,練馬区,139.7090472739132,35.7010029023122,139.61763054398918,35.74783601256853,9262.834369737879
85,3,20,新宿区,足立区,139.7090472739132,35.7010029023122,139.79510703677857,35.77882757435126,6041.105959091171
86,3,21,新宿区,葛飾区,139.7090472739132,35.7010029023122,139.8557127852655,35.753283675481214,3048.3887447328048
87,3,22,新宿区,江戸川区,139.7090472739132,35.7010029023122,139.87568262960147,35.692420854431354,3381.948156774873
88,4,0,文京区,千代田区,139.74722577302532,35.717492538738576,139.7548734931052,35.68762405605021,18400.347664976918
89,4,1,文京区,中央区,139.74722577302532,35.717492538738576,139.7766846724147,35.67074967024018,8550.178972176493
90,4,2,文京区,港区,139.74722577302532,35.717492538738576,139.73928951922807,35.65152140313346,6209.158854263465
91,4,3,文京区,新宿区,139.74722577302532,35.717492538738576,139.7090472739132,35.7010029023122,29774.216988798173
92,4,5,文京区,台東区,139.74722577302532,35.717492538738576,139.78591640698508,35.7154782161265,29430.885407395792
93,4,6,文京区,墨田区,139.74722577302532,35.717492538738576,139.8155478292236,35.712265408397435,9454.541224425062
94,4,7,文京区,江東区,139.74722577302532,35.717492538738576,139.81490418527451,35.65102848976377,4853.978949602116
95,4,8,文京区,品川区,139.74722577302532,35.717492538738576,139.73298794400105,35.6097677223142,2563.682666063656
96,4,9,文京区,目黒区,139.74722577302532,35.717492538738576,139.68820569775528,35.62996716276387,2577.6019175304946
97,4,10,文京区,大田区,139.74722577302532,35.717492538738576,139.73409187061017,35.56802967563435,1649.7385460340217
98,4,11,文京区,世田谷区,139.74722577302532,35.717492538738576,139.635113474336,35.639724186862246,3048.622758673047
99,4,12,文京区,渋谷区,139.74722577302532,35.717492538738576,139.69634143550357,35.667837423511905,6214.929146122154
100,4,13,文京区,中野区,139.74722577302532,35.717492538738576,139.66249541642443,35.71091906821566,6404.762795006085
101,4,14,文京区,杉並区,139.74722577302532,35.717492538738576,139.62533626144537,35.69680698405763,3541.060258267371
102,4,15,文京区,豊島区,139.74722577302532,35.717492538738576,139.71148999157788,35.73148962176281,33047.682054890676
103,4,16,文京区,北区,139.74722577302532,35.717492538738576,139.7288718008505,35.76592942924935,13201.996833514275
104,4,17,文京区,荒川区,139.74722577302532,35.717492538738576,139.78127085248096,35.739910141368014,23018.898790156636
105,4,18,文京区,板橋区,139.74722577302532,35.717492538738576,139.67640334655457,35.77257000055456,6043.034085760636
106,4,19,文京区,練馬区,139.74722577302532,35.717492538738576,139.61763054398918,35.74783601256853,3353.1565361878575
107,4,20,文京区,足立区,139.74722577302532,35.717492538738576,139.79510703677857,35.77882757435126,8160.587534751799
108,4,21,文京区,葛飾区,139.74722577302532,35.717492538738576,139.8557127852655,35.753283675481214,3668.095179782956
109,4,22,文京区,江戸川区,139.74722577302532,35.717492538738576,139.87568262960147,35.692420854431354,3406.8428356203312
110,5,0,台東区,千代田区,139.78591640698508,35.7154782161265,139.7548734931052,35.68762405605021,9417.896029986803
111,5,1,台東区,中央区,139.78591640698508,35.7154782161265,139.7766846724147,35.67074967024018,9710.606757071742
112,5,2,台東区,港区,139.78591640698508,35.7154782161265,139.73928951922807,35.65152140313346,3922.3426729889857
113,5,3,台東区,新宿区,139.78591640698508,35.7154782161265,139.7090472739132,35.7010029023122,6297.909139448914
114,5,4,台東区,文京区,139.78591640698508,35.7154782161265,139.74722577302532,35.717492538738576,25331.153240222277
115,5,6,台東区,墨田区,139.78591640698508,35.7154782161265,139.8155478292236,35.712265408397435,49980.01744351405
116,5,7,台東区,江東区,139.78591640698508,35.7154782161265,139.81490418527451,35.65102848976377,6631.135689075405
117,5,8,台東区,品川区,139.78591640698508,35.7154782161265,139.73298794400105,35.6097677223142,1863.9727505677072
118,5,9,台東区,目黒区,139.78591640698508,35.7154782161265,139.68820569775528,35.62996716276387,1482.6110758353916
119,5,10,台東区,大田区,139.78591640698508,35.7154782161265,139.73409187061017,35.56802967563435,1279.8203967374477
120,5,11,台東区,世田谷区,139.78591640698508,35.7154782161265,139.635113474336,35.639724186862246,1645.4215943119589
121,5,12,台東区,渋谷区,139.78591640698508,35.7154782161265,139.69634143550357,35.667837423511905,2604.3148179221153
122,5,13,台東区,中野区,139.78591640698508,35.7154782161265,139.66249541642443,35.71091906821566,2265.4810839325537
123,5,14,台東区,杉並区,139.78591640698508,35.7154782161265,139.62533626144537,35.69680698405763,1597.1385815288995
124,5,15,台東区,豊島区,139.78591640698508,35.7154782161265,139.71148999157788,35.73148962176281,6088.037603942018
125,5,16,台東区,北区,139.78591640698508,35.7154782161265,139.7288718008505,35.76592942924935,5484.620842959172
126,5,17,台東区,荒川区,139.78591640698508,35.7154782161265,139.78127085248096,35.739910141368014,42643.25866561248
127,5,18,台東区,板橋区,139.78591640698508,35.7154782161265,139.67640334655457,35.77257000055456,2614.9229022303
128,5,19,台東区,練馬区,139.78591640698508,35.7154782161265,139.61763054398918,35.74783601256853,1567.2767288391012
129,5,20,台東区,足立区,139.78591640698508,35.7154782161265,139.79510703677857,35.77882757435126,8920.927955011963
130,5,21,台東区,葛飾区,139.78591640698508,35.7154782161265,139.8557127852655,35.753283675481214,6338.57778815121
131,5,22,台東区,江戸川区,139.78591640698508,35.7154782161265,139.87568262960147,35.692420854431354,5959.556240109477
132,6,0,墨田区,千代田区,139.8155478292236,35.712265408397435,139.7548734931052,35.68762405605021,7753.302032493825
133,6,1,墨田区,中央区,139.8155478292236,35.712265408397435,139.7766846724147,35.67074967024018,13805.180175821295
134,6,2,墨田区,港区,139.8155478292236,35.712265408397435,139.73928951922807,35.65152140313346,5392.52895298157
135,6,3,墨田区,新宿区,139.8155478292236,35.712265408397435,139.7090472739132,35.7010029023122,6130.239966195352
136,6,4,墨田区,文京区,139.8155478292236,35.712265408397435,139.74722577302532,35.717492538738576,13663.014403450621
137,6,5,墨田区,台東区,139.8155478292236,35.712265408397435,139.78591640698508,35.7154782161265,83917.17113261287
138,6,7,墨田区,江東区,139.8155478292236,35.712265408397435,139.81490418527451,35.65102848976377,16660.474706085923
139,6,8,墨田区,品川区,139.8155478292236,35.712265408397435,139.73298794400105,35.6097677223142,3093.5324856869634
140,6,9,墨田区,目黒区,139.8155478292236,35.712265408397435,139.68820569775528,35.62996716276387,2179.102936928183
141,6,10,墨田区,大田区,139.8155478292236,35.712265408397435,139.73409187061017,35.56802967563435,2305.4602694796304
142,6,11,墨田区,世田谷区,139.8155478292236,35.712265408397435,139.635113474336,35.639724186862246,2406.6862898404024
143,6,12,墨田区,渋谷区,139.8155478292236,35.712265408397435,139.69634143550357,35.667837423511905,3212.1216431218068
144,6,13,墨田区,中野区,139.8155478292236,35.712265408397435,139.66249541642443,35.71091906821566,2724.1150912556595
145,6,14,墨田区,杉並区,139.8155478292236,35.712265408397435,139.62533626144537,35.69680698405763,2148.9354239596873
146,6,15,墨田区,豊島区,139.8155478292236,35.712265408397435,139.71148999157788,35.73148962176281,5688.696126701826
147,6,16,墨田区,北区,139.8155478292236,35.712265408397435,139.7288718008505,35.76592942924935,5999.7205950238695
148,6,17,墨田区,荒川区,139.8155478292236,35.712265408397435,139.78127085248096,35.739910141368014,29409.38439271072
149,6,18,墨田区,板橋区,139.8155478292236,35.712265408397435,139.67640334655457,35.77257000055456,3303.7281796538805
150,6,19,墨田区,練馬区,139.8155478292236,35.712265408397435,139.61763054398918,35.74783601256853,2134.3139244232875
151,6,20,墨田区,足立区,139.8155478292236,35.712265408397435,139.79510703677857,35.77882757435126,14742.014346813852
152,6,21,墨田区,葛飾区,139.8155478292236,35.712265408397435,139.8557127852655,35.753283675481214,22235.35175547479
153,6,22,墨田区,江戸川区,139.8155478292236,35.712265408397435,139.87568262960147,35.692420854431354,26741.925169284015
154,7,0,江東区,千代田区,139.81490418527451,35.65102848976377,139.7548734931052,35.68762405605021,22400.202160027016
155,7,1,江東区,中央区,139.81490418527451,35.65102848976377,139.7766846724147,35.67074967024018,109749.33282371609
156,7,2,江東区,港区,139.81490418527451,35.65102848976377,139.73928951922807,35.65152140313346,42478.19667303772
157,7,3,江東区,新宿区,139.81490418527451,35.65102848976377,139.7090472739132,35.7010029023122,16557.610310318825
158,7,4,江東区,文京区,139.81490418527451,35.65102848976377,139.74722577302532,35.717492538738576,18574.066969232827
159,7,5,江東区,台東区,139.81490418527451,35.65102848976377,139.78591640698508,35.7154782161265,29481.21641049773
160,7,6,江東区,墨田区,139.81490418527451,35.65102848976377,139.8155478292236,35.712265408397435,44115.42055463491
161,7,8,江東区,品川区,139.81490418527451,35.65102848976377,139.73298794400105,35.6097677223142,30658.643526586788
162,7,9,江東区,目黒区,139.81490418527451,35.65102848976377,139.68820569775528,35.62996716276387,13238.714979949846
163,7,10,江東区,大田区,139.81490418527451,35.65102848976377,139.73409187061017,35.56802967563435,20781.119965886697
164,7,11,江東区,世田谷区,139.81490418527451,35.65102848976377,139.635113474336,35.639724186862246,11175.527557884274
165,7,12,江東区,渋谷区,139.81490418527451,35.65102848976377,139.69634143550357,35.667837423511905,14127.15747201391
166,7,13,江東区,中野区,139.81490418527451,35.65102848976377,139.66249541642443,35.71091906821566,7873.476889504197
167,7,14,江東区,杉並区,139.81490418527451,35.65102848976377,139.62533626144537,35.69680698405763,7218.589687473073
168,7,15,江東区,豊島区,139.81490418527451,35.65102848976377,139.71148999157788,35.73148962176281,10650.63789959566
169,7,16,江東区,北区,139.81490418527451,35.65102848976377,139.7288718008505,35.76592942924935,8501.149375466703
170,7,17,江東区,荒川区,139.81490418527451,35.65102848976377,139.78127085248096,35.739910141368014,15345.255042947154
171,7,18,江東区,板橋区,139.81490418527451,35.65102848976377,139.67640334655457,35.77257000055456,6725.616354445278
172,7,19,江東区,練馬区,139.81490418527451,35.65102848976377,139.61763054398918,35.74783601256853,5798.165272420256
173,7,20,江東区,足立区,139.81490418527451,35.65102848976377,139.79510703677857,35.77882757435126,12986.807005703897
174,7,21,江東区,葛飾区,139.81490418527451,35.65102848976377,139.8557127852655,35.753283675481214,16055.346314076636
175,7,22,江東区,江戸川区,139.81490418527451,35.65102848976377,139.87568262960147,35.692420854431354,61808.746754580476
176,8,0,品川区,千代田区,139.73298794400105,35.6097677223142,139.7548734931052,35.68762405605021,7629.180676929531
177,8,1,品川区,中央区,139.73298794400105,35.6097677223142,139.7766846724147,35.67074967024018,15858.37481964534
178,8,2,品川区,港区,139.73298794400105,35.6097677223142,139.73928951922807,35.65152140313346,62154.16521814937
179,8,3,品川区,新宿区,139.73298794400105,35.6097677223142,139.7090472739132,35.7010029023122,11942.330371619384
180,8,4,品川区,文京区,139.73298794400105,35.6097677223142,139.74722577302532,35.717492538738576,6949.501610313717
181,8,5,品川区,台東区,139.73298794400105,35.6097677223142,139.78591640698508,35.7154782161265,5870.530078779132
182,8,6,品川区,墨田区,139.73298794400105,35.6097677223142,139.8155478292236,35.712265408397435,5802.805413704611
183,8,7,品川区,江東区,139.73298794400105,35.6097677223142,139.81490418527451,35.65102848976377,21718.669184660892
184,8,9,品川区,目黒区,139.73298794400105,35.6097677223142,139.68820569775528,35.62996716276387,66231.36459838446
185,8,10,品川区,大田区,139.73298794400105,35.6097677223142,139.73409187061017,35.56802967563435,104998.7645776576
186,8,11,品川区,世田谷区,139.73298794400105,35.6097677223142,139.635113474336,35.639724186862246,23725.772353838303
187,8,12,品川区,渋谷区,139.73298794400105,35.6097677223142,139.69634143550357,35.667837423511905,21889.919702224488
188,8,13,品川区,中野区,139.73298794400105,35.6097677223142,139.66249541642443,35.71091906821566,7174.880492449755
189,8,14,品川区,杉並区,139.73298794400105,35.6097677223142,139.62533626144537,35.69680698405763,8156.220464480992
190,8,15,品川区,豊島区,139.73298794400105,35.6097677223142,139.71148999157788,35.73148962176281,5870.06621308665
191,8,16,品川区,北区,139.73298794400105,35.6097677223142,139.7288718008505,35.76592942924935,3792.295319606776
192,8,17,品川区,荒川区,139.73298794400105,35.6097677223142,139.78127085248096,35.739910141368014,4083.768913478824
193,8,18,品川区,板橋区,139.73298794400105,35.6097677223142,139.67640334655457,35.77257000055456,4003.620706743406
194,8,19,品川区,練馬区,139.73298794400105,35.6097677223142,139.61763054398918,35.74783601256853,4688.071420465748
195,8,20,品川区,足立区,139.73298794400105,35.6097677223142,139.79510703677857,35.77882757435126,4000.2587253391007
196,8,21,品川区,葛飾区,139.73298794400105,35.6097677223142,139.8557127852655,35.753283675481214,3365.5240807179284
197,8,22,品川区,江戸川区,139.73298794400105,35.6097677223142,139.87568262960147,35.692420854431354,6497.915057723988
198,9,0,目黒区,千代田区,139.68820569775528,35.62996716276387,139.7548734931052,35.68762405605021,4555.586791396061
199,9,1,目黒区,中央区,139.68820569775528,35.62996716276387,139.7766846724147,35.67074967024018,6498.189509611673
200,9,2,目黒区,港区,139.68820569775528,35.62996716276387,139.73928951922807,35.65152140313346,28624.811133177645
201,9,3,目黒区,新宿区,139.68820569775528,35.62996716276387,139.7090472739132,35.7010029023122,12102.31016597579
202,9,4,目黒区,文京区,139.68820569775528,35.62996716276387,139.74722577302532,35.717492538738576,4886.368406278893
203,9,5,目黒区,台東区,139.68820569775528,35.62996716276387,139.78591640698508,35.7154782161265,3265.472020664016
204,9,6,目黒区,墨田区,139.68820569775528,35.62996716276387,139.8155478292236,35.712265408397435,2858.525303446046
205,9,7,目黒区,江東区,139.68820569775528,35.62996716276387,139.81490418527451,35.65102848976377,6558.538540133286
206,9,8,目黒区,品川区,139.68820569775528,35.62996716276387,139.73298794400105,35.6097677223142,46317.453207515566
207,9,10,目黒区,大田区,139.68820569775528,35.62996716276387,139.73409187061017,35.56802967563435,17866.024654798042
208,9,11,目黒区,世田谷区,139.68820569775528,35.62996716276387,139.635113474336,35.639724186862246,60175.33352904734
209,9,12,目黒区,渋谷区,139.68820569775528,35.62996716276387,139.69634143550357,35.667837423511905,42026.617184320574
210,9,13,目黒区,中野区,139.68820569775528,35.62996716276387,139.66249541642443,35.71091906821566,8795.799309047145
211,9,14,目黒区,杉並区,139.68820569775528,35.62996716276387,139.62533626144537,35.69680698405763,11277.743692765956
212,9,15,目黒区,豊島区,139.68820569775528,35.62996716276387,139.71148999157788,35.73148962176281,5079.891172423955
213,9,16,目黒区,北区,139.68820569775528,35.62996716276387,139.7288718008505,35.76592942924935,2839.0027256373555
214,9,17,目黒区,荒川区,139.68820569775528,35.62996716276387,139.78127085248096,35.739910141368014,2489.0663514231323
215,9,18,目黒区,板橋区,139.68820569775528,35.62996716276387,139.67640334655457,35.77257000055456,3418.027488424869
216,9,19,目黒区,練馬区,139.68820569775528,35.62996716276387,139.61763054398918,35.74783601256853,4714.788603221668
217,9,20,目黒区,足立区,139.68820569775528,35.62996716276387,139.79510703677857,35.77882757435126,2465.474399496167
218,9,21,目黒区,葛飾区,139.68820569775528,35.62996716276387,139.8557127852655,35.753283675481214,1760.1350874373493
219,9,22,目黒区,江戸川区,139.68820569775528,35.62996716276387,139.87568262960147,35.692420854431354,2741.840723757415
220,10,0,大田区,千代田区,139.73409187061017,35.56802967563435,139.7548734931052,35.68762405605021,11132.87731584909
221,10,1,大田区,中央区,139.73409187061017,35.56802967563435,139.7766846724147,35.67074967024018,22346.99061240891
222,10,2,大田区,港区,139.73409187061017,35.56802967563435,139.73928951922807,35.65152140313346,49103.93111255209
223,10,3,大田区,新宿区,139.73409187061017,35.56802967563435,139.7090472739132,35.7010029023122,19395.172485311276
224,10,4,大田区,文京区,139.73409187061017,35.56802967563435,139.74722577302532,35.717492538738576,12397.341410091058
225,10,5,大田区,台東区,139.73409187061017,35.56802967563435,139.78591640698508,35.7154782161265,11174.055715799715
226,10,6,大田区,墨田区,139.73409187061017,35.56802967563435,139.8155478292236,35.712265408397435,11988.504637233287
227,10,7,大田区,江東区,139.73409187061017,35.56802967563435,139.81490418527451,35.65102848976377,40810.6273215176
228,10,8,大田区,品川区,139.73409187061017,35.56802967563435,139.73298794400105,35.6097677223142,291077.23167936725
229,10,9,大田区,目黒区,139.73409187061017,35.56802967563435,139.68820569775528,35.62996716276387,70822.45993055237
230,10,11,大田区,世田谷区,139.73409187061017,35.56802967563435,139.635113474336,35.639724186862246,51458.40162572345
231,10,12,大田区,渋谷区,139.73409187061017,35.56802967563435,139.69634143550357,35.667837423511905,28145.979574024022
232,10,13,大田区,中野区,139.73409187061017,35.56802967563435,139.66249541642443,35.71091906821566,14039.568631494769
233,10,14,大田区,杉並区,139.73409187061017,35.56802967563435,139.62533626144537,35.69680698405763,17754.967255700183
234,10,15,大田区,豊島区,139.73409187061017,35.56802967563435,139.71148999157788,35.73148962176281,11286.963115058237
235,10,16,大田区,北区,139.73409187061017,35.56802967563435,139.7288718008505,35.76592942924935,8233.29857348857
236,10,17,大田区,荒川区,139.73409187061017,35.56802967563435,139.78127085248096,35.739910141368014,8436.492018185754
237,10,18,大田区,板橋区,139.73409187061017,35.56802967563435,139.67640334655457,35.77257000055456,9120.083452016834
238,10,19,大田区,練馬区,139.73409187061017,35.56802967563435,139.61763054398918,35.74783601256853,11133.341188417526
239,10,20,大田区,足立区,139.73409187061017,35.56802967563435,139.79510703677857,35.77882757435126,9331.568663816539
240,10,21,大田区,葛飾区,139.73409187061017,35.56802967563435,139.8557127852655,35.753283675481214,8235.42463664776
241,10,22,大田区,江戸川区,139.73409187061017,35.56802967563435,139.87568262960147,35.692420854431354,16246.719044743722
242,11,0,世田谷区,千代田区,139.635113474336,35.639724186862246,139.7548734931052,35.68762405605021,12824.953286971484
243,11,1,世田谷区,中央区,139.635113474336,35.639724186862246,139.7766846724147,35.67074967024018,16344.114878445565
244,11,2,世田谷区,港区,139.635113474336,35.639724186862246,139.73928951922807,35.65152140313346,42249.13810343078
245,11,3,世田谷区,新宿区,139.635113474336,35.639724186862246,139.7090472739132,35.7010029023122,48176.250426055914
246,11,4,世田谷区,文京区,139.635113474336,35.639724186862246,139.74722577302532,35.717492538738576,18552.90689600493
247,11,5,世田谷区,台東区,139.635113474336,35.639724186862246,139.78591640698508,35.7154782161265,11634.127954546178
248,11,6,世田谷区,墨田区,139.635113474336,35.639724186862246,139.8155478292236,35.712265408397435,10134.951980538337
249,11,7,世田谷区,江東区,139.635113474336,35.639724186862246,139.81490418527451,35.65102848976377,17773.264050489423
250,11,8,世田谷区,品川区,139.635113474336,35.639724186862246,139.73298794400105,35.6097677223142,53264.6703941285
251,11,9,世田谷区,目黒区,139.635113474336,35.639724186862246,139.68820569775528,35.62996716276387,193177.44718056114
252,11,10,世田谷区,大田区,139.635113474336,35.639724186862246,139.73409187061017,35.56802967563435,41672.65114101376
253,11,12,世田谷区,渋谷区,139.635113474336,35.639724186862246,139.69634143550357,35.667837423511905,98635.68360609523
254,11,13,世田谷区,中野区,139.635113474336,35.639724186862246,139.66249541642443,35.71091906821566,65004.58506742591
255,11,14,世田谷区,杉並区,139.635113474336,35.639724186862246,139.62533626144537,35.69680698405763,150868.35845512486
256,11,15,世田谷区,豊島区,139.635113474336,35.639724186862246,139.71148999157788,35.73148962176281,24819.774971054958
257,11,16,世田谷区,北区,139.635113474336,35.639724186862246,139.7288718008505,35.76592942924935,14444.449484113642
258,11,17,世田谷区,荒川区,139.635113474336,35.639724186862246,139.78127085248096,35.739910141368014,10115.56275895095
259,11,18,世田谷区,板橋区,139.635113474336,35.639724186862246,139.67640334655457,35.77257000055456,21495.25975197699
260,11,19,世田谷区,練馬区,139.635113474336,35.639724186862246,139.61763054398918,35.74783601256853,40770.67304406288
261,11,20,世田谷区,足立区,139.635113474336,35.639724186862246,139.79510703677857,35.77882757435126,11277.856416123803
262,11,21,世田谷区,葛飾区,139.635113474336,35.639724186862246,139.8557127852655,35.753283675481214,7279.539292577158
263,11,22,世田谷区,江戸川区,139.635113474336,35.639724186862246,139.87568262960147,35.692420854431354,9855.780860307585
264,12,0,渋谷区,千代田区,139.69634143550357,35.667837423511905,139.7548734931052,35.68762405605021,7542.757006583229
265,12,1,渋谷区,中央区,139.69634143550357,35.667837423511905,139.7766846724147,35.67074967024018,6956.14855124293
266,12,2,渋谷区,港区,139.69634143550357,35.667837423511905,139.73928951922807,35.65152140313346,27945.74073758502
267,12,3,渋谷区,新宿区,139.69634143550357,35.667837423511905,139.7090472739132,35.7010029023122,40558.19508209109
268,12,4,渋谷区,文京区,139.69634143550357,35.667837423511905,139.74722577302532,35.717492538738576,8192.919809149402
269,12,5,渋谷区,台東区,139.69634143550357,35.667837423511905,139.78591640698508,35.7154782161265,3988.819367283361
270,12,6,渋谷区,墨田区,139.69634143550357,35.667837423511905,139.8155478292236,35.712265408397435,2930.1404620654707
271,12,7,渋谷区,江東区,139.69634143550357,35.667837423511905,139.81490418527451,35.65102848976377,4866.8525640043035
272,12,8,渋谷区,品川区,139.69634143550357,35.667837423511905,139.73298794400105,35.6097677223142,10645.285117861213
273,12,9,渋谷区,目黒区,139.69634143550357,35.667837423511905,139.68820569775528,35.62996716276387,29225.139655280807
274,12,10,渋谷区,大田区,139.69634143550357,35.667837423511905,139.73409187061017,35.56802967563435,4937.481152501549
275,12,11,渋谷区,世田谷区,139.69634143550357,35.667837423511905,139.635113474336,35.639724186862246,21366.249889787323
276,12,13,渋谷区,中野区,139.69634143550357,35.667837423511905,139.66249541642443,35.71091906821566,16774.882568606023
277,12,14,渋谷区,杉並区,139.69634143550357,35.667837423511905,139.62533626144537,35.69680698405763,12908.056948905352
278,12,15,渋谷区,豊島区,139.69634143550357,35.667837423511905,139.71148999157788,35.73148962176281,9125.36377915429
279,12,16,渋谷区,北区,139.69634143550357,35.667837423511905,139.7288718008505,35.76592942924935,3678.297674501854
280,12,17,渋谷区,荒川区,139.69634143550357,35.667837423511905,139.78127085248096,35.739910141368014,3019.2502159249448
281,12,18,渋谷区,板橋区,139.69634143550357,35.667837423511905,139.67640334655457,35.77257000055456,4224.054683219263
282,12,19,渋谷区,練馬区,139.69634143550357,35.667837423511905,139.61763054398918,35.74783601256853,5181.47242938382
283,12,20,渋谷区,足立区,139.69634143550357,35.667837423511905,139.79510703677857,35.77882757435126,2608.369434797779
284,12,21,渋谷区,葛飾区,139.69634143550357,35.667837423511905,139.8557127852655,35.753283675481214,1623.7177424053432
285,12,22,渋谷区,江戸川区,139.69634143550357,35.667837423511905,139.87568262960147,35.692420854431354,2206.8051276656574
286,13,0,中野区,千代田区,139.66249541642443,35.71091906821566,139.7548734931052,35.68762405605021,4386.641475255724
287,13,1,中野区,中央区,139.66249541642443,35.71091906821566,139.7766846724147,35.67074967024018,3919.82824573467
288,13,2,中野区,港区,139.66249541642443,35.71091906821566,139.73928951922807,35.65152140313346,6881.385890536045
289,13,3,中野区,新宿区,139.66249541642443,35.71091906821566,139.7090472739132,35.7010029023122,46734.73100724319
290,13,4,中野区,文京区,139.66249541642443,35.71091906821566,139.74722577302532,35.717492538738576,10573.981016485346
291,13,5,中野区,台東区,139.66249541642443,35.71091906821566,139.78591640698508,35.7154782161265,4345.545307077261
292,13,6,中野区,墨田区,139.66249541642443,35.71091906821566,139.8155478292236,35.712265408397435,3112.1094493404653
293,13,7,中野区,江東区,139.66249541642443,35.71091906821566,139.81490418527451,35.65102848976377,3396.9794137833524
294,13,8,中野区,品川区,139.66249541642443,35.71091906821566,139.73298794400105,35.6097677223142,4369.791898753837
295,13,9,中野区,目黒区,139.66249541642443,35.71091906821566,139.68820569775528,35.62996716276387,7660.2056101583075
296,13,10,中野区,大田区,139.66249541642443,35.71091906821566,139.73409187061017,35.56802967563435,3084.4362674753393
297,13,11,中野区,世田谷区,139.66249541642443,35.71091906821566,139.635113474336,35.639724186862246,17634.826415272302
298,13,12,中野区,渋谷区,139.66249541642443,35.71091906821566,139.69634143550357,35.667837423511905,21008.37411666654
299,13,14,中野区,杉並区,139.66249541642443,35.71091906821566,139.62533626144537,35.69680698405763,85679.40943865853
300,13,15,中野区,豊島区,139.66249541642443,35.71091906821566,139.71148999157788,35.73148962176281,31469.464699384484
301,13,16,中野区,北区,139.66249541642443,35.71091906821566,139.7288718008505,35.76592942924935,10295.738504851734
302,13,17,中野区,荒川区,139.66249541642443,35.71091906821566,139.78127085248096,35.739910141368014,4440.188324249386
303,13,18,中野区,板橋区,139.66249541642443,35.71091906821566,139.67640334655457,35.77257000055456,20647.777702114327
304,13,19,中野区,練馬区,139.66249541642443,35.71091906821566,139.61763054398918,35.74783601256853,35886.0506451868
305,13,20,中野区,足立区,139.66249541642443,35.71091906821566,139.79510703677857,35.77882757435126,4617.07628729439
306,13,21,中野区,葛飾区,139.66249541642443,35.71091906821566,139.8557127852655,35.753283675481214,2196.1015246872553
307,13,22,中野区,江戸川区,139.66249541642443,35.71091906821566,139.87568262960147,35.692420854431354,2291.35675979073
308,14,0,杉並区,千代田区,139.62533626144537,35.69680698405763,139.7548734931052,35.68762405605021,5711.046934397429
309,14,1,杉並区,中央区,139.62533626144537,35.69680698405763,139.7766846724147,35.67074967024018,6082.415599470289
310,14,2,杉並区,港区,139.62533626144537,35.69680698405763,139.73928951922807,35.65152140313346,11642.316878498374
311,14,3,杉並区,新宿区,139.62533626144537,35.69680698405763,139.7090472739132,35.7010029023122,33955.97584303537
312,14,4,杉並区,文京区,139.62533626144537,35.69680698405763,139.74722577302532,35.717492538738576,11382.618463799457
313,14,5,杉並区,台東区,139.62533626144537,35.69680698405763,139.78591640698508,35.7154782161265,5964.854138955807
314,14,6,杉並区,墨田区,139.62533626144537,35.69680698405763,139.8155478292236,35.712265408397435,4779.980890369658
315,14,7,杉並区,江東区,139.62533626144537,35.69680698405763,139.81490418527451,35.65102848976377,6063.900966364922
316,14,8,杉並区,品川区,139.62533626144537,35.69680698405763,139.73298794400105,35.6097677223142,9671.824893584937
317,14,9,杉並区,目黒区,139.62533626144537,35.69680698405763,139.68820569775528,35.62996716276387,19123.20676187537
318,14,10,杉並区,大田区,139.62533626144537,35.69680698405763,139.73409187061017,35.56802967563435,7594.781743611006
319,14,11,杉並区,世田谷区,139.62533626144537,35.69680698405763,139.635113474336,35.639724186862246,79689.06824007665
320,14,12,杉並区,渋谷区,139.62533626144537,35.69680698405763,139.69634143550357,35.667837423511905,31475.106783236297
321,14,13,杉並区,中野区,139.62533626144537,35.69680698405763,139.66249541642443,35.71091906821566,166820.66559500332
322,14,15,杉並区,豊島区,139.62533626144537,35.69680698405763,139.71148999157788,35.73148962176281,22844.485196126327
323,14,16,杉並区,北区,139.62533626144537,35.69680698405763,139.7288718008505,35.76592942924935,11980.891033727792
324,14,17,杉並区,荒川区,139.62533626144537,35.69680698405763,139.78127085248096,35.739910141368014,5939.80772935407
325,14,18,杉並区,板橋区,139.62533626144537,35.69680698405763,139.67640334655457,35.77257000055456,25434.29136849799
326,14,19,杉並区,練馬区,139.62533626144537,35.69680698405763,139.61763054398918,35.74783601256853,92629.49711293452
327,14,20,杉並区,足立区,139.62533626144537,35.69680698405763,139.79510703677857,35.77882757435126,6952.304768403565
328,14,21,杉並区,葛飾区,139.62533626144537,35.69680698405763,139.8557127852655,35.753283675481214,3673.3610568399854
329,14,22,杉並区,江戸川区,139.62533626144537,35.69680698405763,139.87568262960147,35.692420854431354,4091.598001836887
330,15,0,豊島区,千代田区,139.71148999157788,35.73148962176281,139.7548734931052,35.68762405605021,6623.73259968988
331,15,1,豊島区,中央区,139.71148999157788,35.73148962176281,139.7766846724147,35.67074967024018,4651.922344784749
332,15,2,豊島区,港区,139.71148999157788,35.73148962176281,139.73928951922807,35.65152140313346,5320.781333281589
333,15,3,豊島区,新宿区,139.71148999157788,35.73148962176281,139.7090472739132,35.7010029023122,57961.47647625187
334,15,4,豊島区,文京区,139.71148999157788,35.73148962176281,139.74722577302532,35.717492538738576,41916.50066327753
335,15,5,豊島区,台東区,139.71148999157788,35.73148962176281,139.78591640698508,35.7154782161265,8971.595969792334
336,15,6,豊島区,墨田区,139.71148999157788,35.73148962176281,139.8155478292236,35.712265408397435,4992.8749002445675
337,15,7,豊島区,江東区,139.71148999157788,35.73148962176281,139.81490418527451,35.65102848976377,3530.291090275787
338,15,8,豊島区,品川区,139.71148999157788,35.73148962176281,139.73298794400105,35.6097677223142,2746.6139559815724
339,15,9,豊島区,目黒区,139.71148999157788,35.73148962176281,139.68820569775528,35.62996716276387,3398.8191967786265
340,15,10,豊島区,大田区,139.71148999157788,35.73148962176281,139.73409187061017,35.56802967563435,1905.0557150446186
341,15,11,豊島区,世田谷区,139.71148999157788,35.73148962176281,139.635113474336,35.639724186862246,5172.893976647628
342,15,12,豊島区,渋谷区,139.71148999157788,35.73148962176281,139.69634143550357,35.667837423511905,8779.942657380927
343,15,13,豊島区,中野区,139.71148999157788,35.73148962176281,139.66249541642443,35.71091906821566,24176.74859674829
344,15,14,豊島区,杉並区,139.71148999157788,35.73148962176281,139.62533626144537,35.69680698405763,9013.9787366432
345,15,16,豊島区,北区,139.71148999157788,35.73148962176281,139.7288718008505,35.76592942924935,37614.20750859771
346,15,17,豊島区,荒川区,139.71148999157788,35.73148962176281,139.78127085248096,35.739910141368014,11254.927830804307
347,15,18,豊島区,板橋区,139.71148999157788,35.73148962176281,139.67640334655457,35.77257000055456,24485.887879174938
348,15,19,豊島区,練馬区,139.71148999157788,35.73148962176281,139.61763054398918,35.74783601256853,10253.606571137765
349,15,20,豊島区,足立区,139.71148999157788,35.73148962176281,139.79510703677857,35.77882757435126,8665.36743258394
350,15,21,豊島区,葛飾区,139.71148999157788,35.73148962176281,139.8557127852655,35.753283675481214,3148.734172794363
351,15,22,豊島区,江戸川区,139.71148999157788,35.73148962176281,139.87568262960147,35.692420854431354,2714.040392083777
352,16,0,北区,千代田区,139.7288718008505,35.76592942924935,139.7548734931052,35.68762405605021,5445.425867028501
353,16,1,北区,中央区,139.7288718008505,35.76592942924935,139.7766846724147,35.67074967024018,5032.752394302294
354,16,2,北区,港区,139.7288718008505,35.76592942924935,139.73928951922807,35.65152140313346,4820.116035928054
355,16,3,北区,新宿区,139.7288718008505,35.76592942924935,139.7090472739132,35.7010029023122,18630.591498720438
356,16,4,北区,文京区,139.7288718008505,35.76592942924935,139.74722577302532,35.717492538738576,28315.11959096715
357,16,5,北区,台東区,139.7288718008505,35.76592942924935,139.78591640698508,35.7154782161265,13667.017525186653
358,16,6,北区,墨田区,139.7288718008505,35.76592942924935,139.8155478292236,35.712265408397435,8904.381026170175
359,16,7,北区,江東区,139.7288718008505,35.76592942924935,139.81490418527451,35.65102848976377,4764.8288410402065
360,16,8,北区,品川区,139.7288718008505,35.76592942924935,139.73298794400105,35.6097677223142,3000.485505339034
361,16,9,北区,目黒区,139.7288718008505,35.76592942924935,139.68820569775528,35.62996716276387,3211.9902939569306
362,16,10,北区,大田区,139.7288718008505,35.76592942924935,139.73409187061017,35.56802967563435,2349.8449189433845
363,16,11,北区,世田谷区,139.7288718008505,35.76592942924935,139.635113474336,35.639724186862246,5090.629532109231
364,16,12,北区,渋谷区,139.7288718008505,35.76592942924935,139.69634143550357,35.667837423511905,5984.43461461986
365,16,13,北区,中野区,139.7288718008505,35.76592942924935,139.66249541642443,35.71091906821566,13375.215967635813
366,16,14,北区,杉並区,139.7288718008505,35.76592942924935,139.62533626144537,35.69680698405763,7993.905916856424
367,16,15,北区,豊島区,139.7288718008505,35.76592942924935,139.71148999157788,35.73148962176281,63604.32921089936
368,16,17,北区,荒川区,139.7288718008505,35.76592942924935,139.78127085248096,35.739910141368014,28734.93573717227
369,16,18,北区,板橋区,139.7288718008505,35.76592942924935,139.67640334655457,35.77257000055456,63918.14546119884
370,16,19,北区,練馬区,139.7288718008505,35.76592942924935,139.61763054398918,35.74783601256853,13177.741559254442
371,16,20,北区,足立区,139.7288718008505,35.76592942924935,139.79510703677857,35.77882757435126,40119.12918878706
372,16,21,北区,葛飾区,139.7288718008505,35.76592942924935,139.8557127852655,35.753283675481214,8031.350868101247
373,16,22,北区,江戸川区,139.7288718008505,35.76592942924935,139.87568262960147,35.692420854431354,4985.628445782673
374,17,0,荒川区,千代田区,139.78127085248096,35.739910141368014,139.7548734931052,35.68762405605021,4880.238127843545
375,17,1,荒川区,中央区,139.78127085248096,35.739910141368014,139.7766846724147,35.67074967024018,4863.316771169913
376,17,2,荒川区,港区,139.78127085248096,35.739910141368014,139.73928951922807,35.65152140313346,2949.003648017792
377,17,3,荒川区,新宿区,139.78127085248096,35.739910141368014,139.7090472739132,35.7010029023122,6615.908229983844
378,17,4,荒川区,文京区,139.78127085248096,35.739910141368014,139.74722577302532,35.717492538738576,24935.154920551944
379,17,5,荒川区,台東区,139.78127085248096,35.739910141368014,139.78591640698508,35.7154782161265,53669.34285609529
380,17,6,荒川区,墨田区,139.78127085248096,35.739910141368014,139.8155478292236,35.712265408397435,22044.86252574338
381,17,7,荒川区,江東区,139.78127085248096,35.739910141368014,139.81490418527451,35.65102848976377,4344.027039258907
382,17,8,荒川区,品川区,139.78127085248096,35.739910141368014,139.73298794400105,35.6097677223142,1631.9216097920394
383,17,9,荒川区,目黒区,139.78127085248096,35.739910141368014,139.68820569775528,35.62996716276387,1422.307958046741
384,17,10,荒川区,大田区,139.78127085248096,35.739910141368014,139.73409187061017,35.56802967563435,1216.1187592640454
385,17,11,荒川区,世田谷区,139.78127085248096,35.739910141368014,139.635113474336,35.639724186862246,1800.5670505827684
386,17,12,荒川区,渋谷区,139.78127085248096,35.739910141368014,139.69634143550357,35.667837423511905,2480.984843434935
387,17,13,荒川区,中野区,139.78127085248096,35.739910141368014,139.66249541642443,35.71091906821566,2913.3552260040533
388,17,14,荒川区,杉並区,139.78127085248096,35.739910141368014,139.62533626144537,35.69680698405763,2001.6634212959943
389,17,15,荒川区,豊島区,139.78127085248096,35.739910141368014,139.71148999157788,35.73148962176281,9612.275873432121
390,17,16,荒川区,北区,139.78127085248096,35.739910141368014,139.7288718008505,35.76592942924935,14513.05969557521
391,17,18,荒川区,板橋区,139.78127085248096,35.739910141368014,139.67640334655457,35.77257000055456,4723.429362017377
392,17,19,荒川区,練馬区,139.78127085248096,35.739910141368014,139.61763054398918,35.74783601256853,2292.8294336598115
393,17,20,荒川区,足立区,139.78127085248096,35.739910141368014,139.79510703677857,35.77882757435126,32093.920479414544
394,17,21,荒川区,葛飾区,139.78127085248096,35.739910141368014,139.8557127852655,35.753283675481214,10197.112064582416
395,17,22,荒川区,江戸川区,139.78127085248096,35.739910141368014,139.87568262960147,35.692420854431354,5333.600104233324
396,18,0,板橋区,千代田区,139.67640334655457,35.77257000055456,139.7548734931052,35.68762405605021,6717.075243295425
397,18,1,板橋区,中央区,139.67640334655457,35.77257000055456,139.7766846724147,35.67074967024018,6667.2666443900935
398,18,2,板橋区,港区,139.67640334655457,35.77257000055456,139.73928951922807,35.65152140313346,8031.762740877783
399,18,3,板橋区,新宿区,139.67640334655457,35.77257000055456,139.7090472739132,35.7010029023122,31308.56060160921
400,18,4,板橋区,文京区,139.67640334655457,35.77257000055456,139.74722577302532,35.717492538738576,23190.673438706013
401,18,5,板橋区,台東区,139.67640334655457,35.77257000055456,139.78591640698508,35.7154782161265,11659.114592366754
402,18,6,板橋区,墨田区,139.67640334655457,35.77257000055456,139.8155478292236,35.712265408397435,8773.170262929836
403,18,7,板橋区,江東区,139.67640334655457,35.77257000055456,139.81490418527451,35.65102848976377,6744.989663568923
404,18,8,板橋区,品川区,139.67640334655457,35.77257000055456,139.73298794400105,35.6097677223142,5667.895706923315
405,18,9,板橋区,目黒区,139.67640334655457,35.77257000055456,139.68820569775528,35.62996716276387,6919.321439130925
406,18,10,板橋区,大田区,139.67640334655457,35.77257000055456,139.73409187061017,35.56802967563435,4657.4016121956565
407,18,11,板橋区,世田谷区,139.67640334655457,35.77257000055456,139.635113474336,35.639724186862246,13554.78821236918
408,18,12,板橋区,渋谷区,139.67640334655457,35.77257000055456,139.69634143550357,35.667837423511905,12296.607928846483
409,18,13,板橋区,中野区,139.67640334655457,35.77257000055456,139.66249541642443,35.71091906821566,47995.017675039526
410,18,14,板橋区,杉並区,139.67640334655457,35.77257000055456,139.62533626144537,35.69680698405763,30364.707149812213
411,18,15,板橋区,豊島区,139.67640334655457,35.77257000055456,139.71148999157788,35.73148962176281,74084.97824528842
412,18,16,板橋区,北区,139.67640334655457,35.77257000055456,139.7288718008505,35.76592942924935,114367.78399661997
413,18,17,板橋区,荒川区,139.67640334655457,35.77257000055456,139.78127085248096,35.739910141368014,16733.55494433758
414,18,19,板橋区,練馬区,139.67640334655457,35.77257000055456,139.61763054398918,35.74783601256853,99891.38016013557
415,18,20,板橋区,足立区,139.67640334655457,35.77257000055456,139.79510703677857,35.77882757435126,25906.100452481813
416,18,21,板橋区,葛飾区,139.67640334655457,35.77257000055456,139.8557127852655,35.753283675481214,8315.3987275737
417,18,22,板橋区,江戸川区,139.67640334655457,35.77257000055456,139.87568262960147,35.692420854431354,6365.450561501659
418,19,0,練馬区,千代田区,139.61763054398918,35.74783601256853,139.7548734931052,35.68762405605021,7351.2605329618755
419,19,1,練馬区,中央区,139.61763054398918,35.74783601256853,139.7766846724147,35.67074967024018,7865.1348070685135
420,19,2,練馬区,港区,139.61763054398918,35.74783601256853,139.73928951922807,35.65152140313346,11702.277783244874
421,19,3,練馬区,新宿区,139.61763054398918,35.74783601256853,139.7090472739132,35.7010029023122,37206.86760534689
422,19,4,練馬区,文京区,139.61763054398918,35.74783601256853,139.74722577302532,35.717492538738576,18433.93814312182
423,19,5,練馬区,台東区,139.61763054398918,35.74783601256853,139.78591640698508,35.7154782161265,10010.559433155175
424,19,6,練馬区,墨田区,139.61763054398918,35.74783601256853,139.8155478292236,35.712265408397435,8119.261499602258
425,19,7,練馬区,江東区,139.61763054398918,35.74783601256853,139.81490418527451,35.65102848976377,8330.014734626391
426,19,8,練馬区,品川区,139.61763054398918,35.74783601256853,139.73298794400105,35.6097677223142,9507.561078335477
427,19,9,練馬区,目黒区,139.61763054398918,35.74783601256853,139.68820569775528,35.62996716276387,13672.75908334258
428,19,10,練馬区,大田区,139.61763054398918,35.74783601256853,139.73409187061017,35.56802967563435,8144.724086085308
429,19,11,練馬区,世田谷区,139.61763054398918,35.74783601256853,139.635113474336,35.639724186862246,36830.18503700537
430,19,12,練馬区,渋谷区,139.61763054398918,35.74783601256853,139.69634143550357,35.667837423511905,21608.0196932963
431,19,13,練馬区,中野区,139.61763054398918,35.74783601256853,139.66249541642443,35.71091906821566,119496.30788653072
432,19,14,練馬区,杉並区,139.61763054398918,35.74783601256853,139.62533626144537,35.69680698405763,158418.0788487572
433,19,15,練馬区,豊島区,139.61763054398918,35.74783601256853,139.71148999157788,35.73148962176281,44442.341474330475
434,19,16,練馬区,北区,139.61763054398918,35.74783601256853,139.7288718008505,35.76592942924935,33777.42261110804
435,19,17,練馬区,荒川区,139.61763054398918,35.74783601256853,139.78127085248096,35.739910141368014,11636.128765652216
436,19,18,練馬区,板橋区,139.61763054398918,35.74783601256853,139.67640334655457,35.77257000055456,143098.14198235443
437,19,20,練馬区,足立区,139.61763054398918,35.74783601256853,139.79510703677857,35.77882757435126,16293.591013031759
438,19,21,練馬区,葛飾区,139.61763054398918,35.74783601256853,139.8557127852655,35.753283675481214,7285.7860637818585
439,19,22,練馬区,江戸川区,139.61763054398918,35.74783601256853,139.87568262960147,35.692420854431354,6868.637837260492
440,20,0,足立区,千代田区,139.79510703677857,35.77882757435126,139.7548734931052,35.68762405605021,10986.113946128984
441,20,1,足立区,中央区,139.79510703677857,35.77882757435126,139.7766846724147,35.67074967024018,13239.118829151766
442,20,2,足立区,港区,139.79510703677857,35.77882757435126,139.73928951922807,35.65152140313346,10034.686405469709
443,20,3,足立区,新宿区,139.79510703677857,35.77882757435126,139.7090472739132,35.7010029023122,20531.88441202693
444,20,4,足立区,文京区,139.79510703677857,35.77882757435126,139.74722577302532,35.717492538738576,37959.359189013594
445,20,5,足立区,台東区,139.79510703677857,35.77882757435126,139.78591640698508,35.7154782161265,48212.077084297
446,20,6,足立区,墨田区,139.79510703677857,35.77882757435126,139.8155478292236,35.712265408397435,47451.31013494681
447,20,7,足立区,江東区,139.79510703677857,35.77882757435126,139.81490418527451,35.65102848976377,15786.676618974074
448,20,8,足立区,品川区,139.79510703677857,35.77882757435126,139.73298794400105,35.6097677223142,6864.298057288779
449,20,9,足立区,目黒区,139.79510703677857,35.77882757435126,139.68820569775528,35.62996716276387,6049.612826097924
450,20,10,足立区,大田区,139.79510703677857,35.77882757435126,139.73409187061017,35.56802967563435,5776.152636821239
451,20,11,足立区,世田谷区,139.79510703677857,35.77882757435126,139.635113474336,35.639724186862246,8620.167960945782
452,20,12,足立区,渋谷区,139.79510703677857,35.77882757435126,139.69634143550357,35.667837423511905,9203.733286184974
453,20,13,足立区,中野区,139.79510703677857,35.77882757435126,139.66249541642443,35.71091906821566,13008.553836619112
454,20,14,足立区,杉並区,139.79510703677857,35.77882757435126,139.62533626144537,35.69680698405763,10060.449491358659
455,20,15,足立区,豊島区,139.79510703677857,35.77882757435126,139.71148999157788,35.73148962176281,31779.013530102246
456,20,16,足立区,北区,139.79510703677857,35.77882757435126,139.7288718008505,35.76592942924935,87010.19991234294
457,20,17,足立区,荒川区,139.79510703677857,35.77882757435126,139.78127085248096,35.739910141368014,137813.79416016056
458,20,18,足立区,板橋区,139.79510703677857,35.77882757435126,139.67640334655457,35.77257000055456,31400.833302977597
459,20,19,足立区,練馬区,139.79510703677857,35.77882757435126,139.61763054398918,35.74783601256853,13786.370885107131
460,20,21,足立区,葛飾区,139.79510703677857,35.77882757435126,139.8557127852655,35.753283675481214,98756.0471303418
461,20,22,足立区,江戸川区,139.79510703677857,35.77882757435126,139.87568262960147,35.692420854431354,26671.546363642316
462,21,0,葛飾区,千代田区,139.8557127852655,35.753283675481214,139.7548734931052,35.68762405605021,7297.648285685541
463,21,1,葛飾区,中央区,139.8557127852655,35.753283675481214,139.7766846724147,35.67074967024018,11587.539646090414
464,21,2,葛飾区,港区,139.8557127852655,35.753283675481214,139.73928951922807,35.65152140313346,7500.422476831892
465,21,3,葛飾区,新宿区,139.8557127852655,35.753283675481214,139.7090472739132,35.7010029023122,10005.17569455816
466,21,4,葛飾区,文京区,139.8557127852655,35.753283675481214,139.74722577302532,35.717492538738576,16477.072528034183
467,21,5,葛飾区,台東区,139.8557127852655,35.753283675481214,139.78591640698508,35.7154782161265,33081.07753148754
468,21,6,葛飾区,墨田区,139.8557127852655,35.753283675481214,139.8155478292236,35.712265408397435,69115.8088778535
469,21,7,葛飾区,江東区,139.8557127852655,35.753283675481214,139.81490418527451,35.65102848976377,18847.33788358071
470,21,8,葛飾区,品川区,139.8557127852655,35.753283675481214,139.73298794400105,35.6097677223142,5577.027250700346
471,21,9,葛飾区,目黒区,139.8557127852655,35.753283675481214,139.68820569775528,35.62996716276387,4170.759007394319
472,21,10,葛飾区,大田区,139.8557127852655,35.753283675481214,139.73409187061017,35.56802967563435,4922.797992182735
473,21,11,葛飾区,世田谷区,139.8557127852655,35.753283675481214,139.635113474336,35.639724186862246,5373.225584296208
474,21,12,葛飾区,渋谷区,139.8557127852655,35.753283675481214,139.69634143550357,35.667837423511905,5532.831843210326
475,21,13,葛飾区,中野区,139.8557127852655,35.753283675481214,139.66249541642443,35.71091906821566,5975.254315181384
476,21,14,葛飾区,杉並区,139.8557127852655,35.753283675481214,139.62533626144537,35.69680698405763,5133.271241849004
477,21,15,葛飾区,豊島区,139.8557127852655,35.753283675481214,139.71148999157788,35.73148962176281,11151.452512715643
478,21,16,葛飾区,北区,139.8557127852655,35.753283675481214,139.7288718008505,35.76592942924935,16820.90200156018
479,21,17,葛飾区,荒川区,139.8557127852655,35.753283675481214,139.78127085248096,35.739910141368014,42285.2713539786
480,21,18,葛飾区,板橋区,139.8557127852655,35.753283675481214,139.67640334655457,35.77257000055456,9733.392111124525
481,21,19,葛飾区,練馬区,139.8557127852655,35.753283675481214,139.61763054398918,35.74783601256853,5953.215093298407
482,21,20,葛飾区,足立区,139.8557127852655,35.753283675481214,139.79510703677857,35.77882757435126,95368.66663976079
483,21,22,葛飾区,江戸川区,139.8557127852655,35.753283675481214,139.87568262960147,35.692420854431354,71780.85012862559
484,22,0,江戸川区,千代田区,139.87568262960147,35.692420854431354,139.7548734931052,35.68762405605021,15391.132769990749
485,22,1,江戸川区,中央区,139.87568262960147,35.692420854431354,139.7766846724147,35.67074967024018,35113.956211349876
486,22,2,江戸川区,港区,139.87568262960147,35.692420854431354,139.73928951922807,35.65152140313346,19631.06120069004
487,22,3,江戸川区,新宿区,139.87568262960147,35.692420854431354,139.7090472739132,35.7010029023122,16556.387523300964
488,22,4,江戸川区,文京区,139.87568262960147,35.692420854431354,139.74722577302532,35.717492538738576,22826.31591464208
489,22,5,江戸川区,台東区,139.87568262960147,35.692420854431354,139.78591640698508,35.7154782161265,46392.31157643907
490,22,6,江戸川区,墨田区,139.87568262960147,35.692420854431354,139.8155478292236,35.712265408397435,123985.33713556473
491,22,7,江戸川区,江東区,139.87568262960147,35.692420854431354,139.81490418527451,35.65102848976377,108224.2397711817
492,22,8,江戸川区,品川区,139.87568262960147,35.692420854431354,139.73298794400105,35.6097677223142,16060.843909648596
493,22,9,江戸川区,目黒区,139.87568262960147,35.692420854431354,139.68820569775528,35.62996716276387,9690.70974393601
494,22,10,江戸川区,大田区,139.87568262960147,35.692420854431354,139.73409187061017,35.56802967563435,14485.582204614453
495,22,11,江戸川区,世田谷区,139.87568262960147,35.692420854431354,139.635113474336,35.639724186862246,10850.918091502715
496,22,12,江戸川区,渋谷区,139.87568262960147,35.692420854431354,139.69634143550357,35.667837423511905,11216.185582980384
497,22,13,江戸川区,中野区,139.87568262960147,35.692420854431354,139.66249541642443,35.71091906821566,9299.100925808483
498,22,14,江戸川区,杉並区,139.87568262960147,35.692420854431354,139.62533626144537,35.69680698405763,8528.405087782105
499,22,15,江戸川区,豊島区,139.87568262960147,35.692420854431354,139.71148999157788,35.73148962176281,14336.92508426014
500,22,16,江戸川区,北区,139.87568262960147,35.692420854431354,139.7288718008505,35.76592942924935,15574.885334331158
501,22,17,江戸川区,荒川区,139.87568262960147,35.692420854431354,139.78127085248096,35.739910141368014,32989.56945412811
502,22,18,江戸川区,板橋区,139.87568262960147,35.692420854431354,139.67640334655457,35.77257000055456,11113.594773093231
503,22,19,江戸川区,練馬区,139.87568262960147,35.692420854431354,139.61763054398918,35.74783601256853,8371.244848202901
504,22,20,江戸川区,足立区,139.87568262960147,35.692420854431354,139.79510703677857,35.77882757435126,38417.97554059189
505,22,21,江戸川区,葛飾区,139.87568262960147,35.692420854431354,139.8557127852655,35.753283675481214,107066.31731596062
